{
  "stock": [
    {
      "id": 1,
      "amount": 10
    },
    {
      "id": 4,
      "amount": 5
    },
    {
      "id": 22,
      "amount": 3
    }
  ],
  "trips": [
    {
      "id": 1,
      "title": "Viagem Maceió 7 noites",
      "status": true,
      "image": "https://sujeitoprogramador.com/wp-content/uploads/2019/12/maceio.jpg"
    },
    {
      "id": 4,
      "title": "Viagem Caribe 5 noites",
      "status": true,
      "image": "https://sujeitoprogramador.com/wp-content/uploads/2019/12/caribe.jpg"
    },
    {
      "id": 22,
      "title": "Viagem Fernando de Noronha 10 noites",
      "status": true,
      "image": "https://sujeitoprogramador.com/wp-content/uploads/2019/12/fernand-noronha.jpg"
    }
  ]
}